City_ID,City,Country,Date,Lat,Lng,Max Temp,Humidity,Cloudiness,Wind Speed
0,Pobe,BJ,2020-08-25 18:36:30,6.98,2.66,73.58,84,55,6.35
1,Thyolo,MW,2020-08-25 18:36:30,-16.07,35.14,68.5,60,73,2.86
2,Koulikoro,ML,2020-08-25 18:36:30,14.0,-7.75,72.82,89,100,8.88
3,Siderno,IT,2020-08-25 18:36:30,38.28,16.3,80.6,61,20,11.41
4,Chardara,KZ,2020-08-25 18:36:30,41.25,67.97,73.38,48,44,13.44
5,Carnarvon,AU,2020-08-25 18:33:02,-24.87,113.63,62.6,82,0,16.11
6,Constitucion,CL,2020-08-25 18:33:40,-35.33,-72.42,54.39,77,85,22.57
7,Bredasdorp,ZA,2020-08-25 18:36:30,-34.53,20.04,57.2,93,100,10.29
8,Saskylakh,RU,2020-08-25 18:32:57,71.92,114.08,53.15,60,97,7.49
9,Tasiilaq,GL,2020-08-25 18:36:30,65.61,-37.64,44.6,70,5,9.17
10,Severo-Kurilsk,RU,2020-08-25 18:33:05,50.68,156.12,53.06,94,100,16.35
11,Port Alfred,ZA,2020-08-25 18:32:58,-33.59,26.89,62.35,72,0,16.22
12,Annau,TM,2020-08-25 18:36:30,37.89,58.52,77.0,38,75,9.17
13,Narsaq,GL,2020-08-25 18:36:30,60.92,-46.05,55.4,58,20,11.41
14,Ahuimanu,US,2020-08-25 18:36:31,21.44,-157.84,82.4,69,75,9.17
15,Hervey Bay,AU,2020-08-25 18:36:31,-25.3,152.85,52.0,66,0,6.93
16,Dobryanka,RU,2020-08-25 18:36:31,58.46,56.42,59.0,100,40,8.95
17,Butaritari,KI,2020-08-25 18:36:31,3.07,172.79,81.77,65,77,4.65
18,Cidreira,BR,2020-08-25 18:36:31,-30.18,-50.21,64.45,79,0,23.64
19,Hobart,AU,2020-08-25 18:36:08,-42.88,147.33,48.2,57,100,16.11
20,Burnie,AU,2020-08-25 18:36:31,-41.07,145.92,44.01,71,26,7.0
21,Qaanaaq,GL,2020-08-25 18:36:31,77.48,-69.36,36.32,89,100,10.6
22,Linxia,CN,2020-08-25 18:36:32,35.6,103.21,60.89,49,0,4.16
23,Araouane,ML,2020-08-25 18:36:32,18.9,-3.53,97.65,31,62,11.95
24,Ribeira Grande,PT,2020-08-25 18:36:32,38.52,-28.7,75.2,94,75,13.87
25,Dejen,ET,2020-08-25 18:36:32,10.17,38.13,54.43,91,26,2.73
26,Hermanus,ZA,2020-08-25 18:32:59,-34.42,19.23,57.0,91,100,12.44
27,Dunedin,NZ,2020-08-25 18:36:05,-45.87,170.5,41.0,83,0,4.0
28,Palauig,PH,2020-08-25 18:36:33,15.44,119.9,82.15,81,49,7.7
29,Revnice,CZ,2020-08-25 18:36:33,49.91,14.24,69.01,68,0,6.49
30,Gotsu,JP,2020-08-25 18:36:34,35.0,132.22,77.25,87,0,6.58
31,Sitka,US,2020-08-25 18:36:34,57.05,-135.33,53.6,93,90,4.7
32,Minas,UY,2020-08-25 18:36:34,-34.38,-55.24,60.01,100,90,9.17
33,Tomatlan,MX,2020-08-25 18:36:34,19.93,-105.25,84.15,83,80,6.67
34,Mataura,NZ,2020-08-25 18:36:34,-46.19,168.86,45.0,72,70,11.01
35,Punta Arenas,CL,2020-08-25 18:36:35,-53.15,-70.92,41.0,60,66,16.11
36,Egvekinot,RU,2020-08-25 18:36:35,66.32,-179.17,46.98,85,100,4.74
37,Clyde River,CA,2020-08-25 18:36:35,70.47,-68.59,44.19,68,2,7.87
38,Atuona,PF,2020-08-25 18:33:13,-9.8,-139.03,78.49,74,1,14.29
39,Avarua,CK,2020-08-25 18:36:35,-21.21,-159.78,73.4,83,87,3.36
40,Lebu,CL,2020-08-25 18:33:02,-37.62,-73.65,54.61,71,0,20.56
41,Corner Brook,CA,2020-08-25 18:34:13,48.97,-57.95,75.2,41,75,17.22
42,Eppelborn,DE,2020-08-25 18:36:36,49.4,6.97,75.99,38,98,14.99
43,Hilo,US,2020-08-25 18:32:25,19.73,-155.09,80.6,65,1,3.36
44,Rikitea,PF,2020-08-25 18:36:36,-23.12,-134.97,69.6,77,0,11.01
45,Thompson,CA,2020-08-25 18:36:36,55.74,-97.86,51.8,76,90,8.05
46,Bluff,NZ,2020-08-25 18:32:59,-46.6,168.33,45.0,72,96,11.01
47,Edgewater,US,2020-08-25 18:36:36,28.99,-80.9,91.0,75,40,12.75
48,Albany,US,2020-08-25 18:35:29,42.6,-73.97,82.99,68,93,14.65
49,Busselton,AU,2020-08-25 18:32:58,-33.65,115.33,48.0,75,43,3.76
50,Camacha,PT,2020-08-25 18:33:24,33.08,-16.33,73.4,73,40,13.87
51,Placido De Castro,BR,2020-08-25 18:36:37,-10.34,-67.19,97.9,21,0,4.45
52,Charters Towers,AU,2020-08-25 18:33:38,-20.1,146.27,52.75,87,6,3.44
53,Frolovo,RU,2020-08-25 18:36:37,49.77,43.66,64.99,41,0,1.01
54,Sorland,NO,2020-08-25 18:36:37,67.67,12.69,51.8,81,40,14.99
55,Vaini,TO,2020-08-25 18:36:37,-21.2,-175.2,64.4,100,20,2.24
56,Jamestown,US,2020-08-25 18:35:04,42.1,-79.24,78.01,78,75,16.11
57,Lake Charles,US,2020-08-25 18:36:37,30.21,-93.2,84.2,83,90,12.75
58,Tazovskiy,RU,2020-08-25 18:36:37,67.47,78.7,52.05,93,97,1.7
59,Parabel,RU,2020-08-25 18:33:05,58.7,81.48,46.74,94,20,4.12
60,New Norfolk,AU,2020-08-25 18:34:46,-42.78,147.06,46.99,81,100,3.0
61,Upernavik,GL,2020-08-25 18:36:38,72.79,-56.15,41.92,91,100,2.17
62,Nioro,GM,2020-08-25 18:36:38,13.35,-15.75,80.06,86,100,5.77
63,Puerto Leguizamo,CO,2020-08-25 18:36:38,-0.19,-74.78,87.58,49,91,2.89
64,Dingle,PH,2020-08-25 18:36:38,11.0,122.67,76.03,89,100,3.56
65,Puerto Ayora,EC,2020-08-25 18:36:38,-0.74,-90.35,75.2,60,75,20.8
66,Broken Hill,AU,2020-08-25 18:36:38,-31.95,141.43,42.8,60,0,6.93
67,Savalou,BJ,2020-08-25 18:36:38,7.93,1.98,74.01,90,46,0.74
68,Sambava,MG,2020-08-25 18:36:39,-14.27,50.17,71.2,87,3,10.76
69,Ambilobe,MG,2020-08-25 18:36:39,-13.2,49.05,70.07,80,0,5.53
70,Lompoc,US,2020-08-25 18:36:39,34.64,-120.46,73.4,82,90,10.29
71,Sola,VU,2020-08-25 18:36:39,-13.88,167.55,82.4,83,75,18.97
72,Sakakah,SA,2020-08-25 18:36:39,29.97,40.21,95.0,14,0,4.47
73,Byron Bay,AU,2020-08-25 18:36:39,-28.65,153.62,53.6,87,75,6.93
74,Rocha,UY,2020-08-25 18:36:39,-34.48,-54.33,65.95,72,100,15.55
75,Mingaora,PK,2020-08-25 18:31:52,34.78,72.36,76.89,73,85,0.74
76,Cape Town,ZA,2020-08-25 18:33:20,-33.93,18.42,60.01,93,75,5.82
77,Rawson,AR,2020-08-25 18:36:39,-43.3,-65.1,47.01,72,100,15.59
78,Tukrah,LY,2020-08-25 18:36:40,32.53,20.58,77.65,77,0,6.02
79,Boundiali,CI,2020-08-25 18:36:40,9.52,-6.49,72.75,90,100,5.08
80,Show Low,US,2020-08-25 18:31:46,34.25,-110.03,86.0,22,1,8.05
81,Opuwo,NA,2020-08-25 18:36:40,-18.06,13.84,63.59,51,0,6.69
82,Ushuaia,AR,2020-08-25 18:33:25,-54.8,-68.3,41.0,56,75,4.7
83,Sehithwa,BW,2020-08-25 18:36:40,-20.47,22.72,71.29,21,0,2.01
84,Kushima,JP,2020-08-25 18:36:40,31.46,131.23,79.41,88,9,10.49
85,Parana,AR,2020-08-25 18:36:41,-31.73,-60.52,89.01,38,0,8.01
86,Yellowknife,CA,2020-08-25 18:36:41,62.46,-114.35,55.4,93,90,8.05
87,Hasaki,JP,2020-08-25 18:33:06,35.73,140.83,77.0,88,75,3.36
88,San Policarpo,PH,2020-08-25 18:33:45,12.18,125.51,79.61,83,98,4.07
89,Salvador,SV,2020-08-25 18:36:41,13.83,-88.92,87.8,74,75,5.82
90,Gemena,CD,2020-08-25 18:36:41,3.25,19.77,72.5,93,100,2.04
91,Kaitangata,NZ,2020-08-25 18:36:41,-46.28,169.85,39.99,81,4,1.01
92,Cayenne,GF,2020-08-25 18:36:41,4.93,-52.33,84.2,70,90,3.36
93,Ciudad Bolivar,VE,2020-08-25 18:33:26,8.12,-63.55,89.98,56,65,6.33
94,Komsomolskiy,UZ,2020-08-25 18:36:41,40.43,71.72,73.4,53,59,2.24
95,Chuy,UY,2020-08-25 18:36:41,-33.7,-53.46,67.32,61,89,12.53
96,Vardo,NO,2020-08-25 18:36:41,70.37,31.11,53.6,76,0,14.99
97,Monforte De Lemos,ES,2020-08-25 18:36:42,42.52,-7.51,77.0,56,0,4.92
98,Yarada,IN,2020-08-25 18:36:42,17.65,83.27,80.6,94,90,2.24
99,De Aar,ZA,2020-08-25 18:33:03,-30.65,24.01,55.04,29,0,8.46
100,Provideniya,RU,2020-08-25 18:33:01,64.38,-173.3,49.03,86,99,3.89
101,Waipawa,NZ,2020-08-25 18:36:42,-41.41,175.52,48.2,57,100,25.28
102,Tuktoyaktuk,CA,2020-08-25 18:36:42,69.45,-133.04,44.6,100,90,5.82
103,Sioux Lookout,CA,2020-08-25 18:36:42,50.1,-91.92,66.2,72,90,8.05
104,San Quintin,MX,2020-08-25 18:36:42,30.48,-115.95,79.61,65,1,14.16
105,South Lake Tahoe,US,2020-08-25 18:33:37,38.93,-119.98,73.99,49,90,6.06
106,Nome,US,2020-08-25 18:36:42,64.5,-165.41,50.0,87,90,3.36
107,Dikson,RU,2020-08-25 18:36:42,73.51,80.55,46.49,97,0,4.16
108,Saint-Philippe,RE,2020-08-25 18:36:42,-21.36,55.77,68.0,82,20,4.7
109,Kaeo,NZ,2020-08-25 18:36:43,-35.1,173.78,46.99,3,0,7.0
110,Longyearbyen,SJ,2020-08-25 18:34:17,78.22,15.64,41.0,65,20,4.7
111,Khatanga,RU,2020-08-25 18:36:43,71.97,102.5,54.66,69,41,4.97
112,Rantepao,ID,2020-08-25 18:36:43,-2.97,119.9,64.06,88,46,1.41
113,Marawi,PH,2020-08-25 18:36:43,8.0,124.29,75.99,90,100,5.99
114,Bethel,US,2020-08-25 18:36:43,41.37,-73.41,87.8,45,1,9.17
115,Sangar,RU,2020-08-25 18:36:43,63.92,127.47,40.15,70,0,1.39
116,Mayo,US,2020-08-25 18:36:44,38.89,-76.51,91.0,62,1,6.93
117,Ozieri,IT,2020-08-25 18:36:44,40.59,9.0,86.0,22,0,12.75
118,Lucapa,AO,2020-08-25 18:36:44,-8.42,20.74,77.63,40,0,3.87
119,Grand-Lahou,CI,2020-08-25 18:36:44,5.14,-5.02,74.1,85,100,8.52
120,Bairiki,KI,2020-08-25 18:36:44,1.33,172.98,73.4,100,40,3.56
121,Poum,NC,2020-08-25 18:36:45,-20.23,164.02,70.48,79,47,8.32
122,Coahuayana,MX,2020-08-25 18:36:45,18.73,-103.68,78.8,83,90,6.11
123,Norman Wells,CA,2020-08-25 18:36:45,65.28,-126.83,60.8,77,75,3.36
124,The Valley,AI,2020-08-25 18:35:03,18.22,-63.06,89.6,74,20,14.99
125,Bengkulu,ID,2020-08-25 18:36:45,-3.8,102.27,76.66,82,98,8.75
126,Antalaha,MG,2020-08-25 18:36:45,-14.9,50.28,69.62,85,47,7.38
127,Richards Bay,ZA,2020-08-25 18:36:45,-28.78,32.04,69.48,83,0,14.2
128,Torbay,CA,2020-08-25 18:36:45,47.67,-52.73,64.0,72,75,11.41
129,Acarau,BR,2020-08-25 18:36:45,-2.89,-40.12,82.62,60,0,17.98
130,Tateyama,JP,2020-08-25 18:36:45,34.98,139.87,78.01,92,0,3.0
131,Lasa,IT,2020-08-25 18:33:36,46.62,10.7,77.0,50,20,5.82
132,Hithadhoo,MV,2020-08-25 18:36:45,-0.6,73.08,82.09,76,100,9.6
133,Hereford,GB,2020-08-25 18:36:45,52.06,-2.71,61.0,85,93,1.01
134,Poronaysk,RU,2020-08-25 18:36:46,49.22,143.12,61.88,94,10,6.76
135,Tiksi,RU,2020-08-25 18:36:46,71.69,128.87,36.61,88,0,10.49
136,Balakhta,RU,2020-08-25 18:36:46,55.38,91.6,53.74,86,100,4.9
137,Leningradskiy,RU,2020-08-25 18:36:46,69.38,178.42,40.82,94,100,11.43
138,Nhulunbuy,AU,2020-08-25 18:36:46,-12.23,136.77,71.6,83,76,8.05
139,Muzaffarabad,PK,2020-08-25 18:36:09,34.37,73.47,76.1,70,23,2.04
140,Souillac,MU,2020-08-25 18:36:46,-20.52,57.52,69.8,83,40,11.41
141,Ongandjera,NA,2020-08-25 18:36:46,-17.88,15.07,73.85,39,64,5.32
142,Chokurdakh,RU,2020-08-25 18:36:46,70.63,147.92,36.84,90,100,5.93
143,Geraldton,AU,2020-08-25 18:36:47,-28.77,114.6,46.4,93,0,6.93
144,Teguise,ES,2020-08-25 18:36:47,29.06,-13.56,87.8,55,0,17.22
145,Tambura,SS,2020-08-25 18:36:47,5.6,27.47,69.55,95,74,0.29
146,Brae,GB,2020-08-25 18:36:47,60.4,-1.35,55.4,71,40,18.34
147,Gorontalo,ID,2020-08-25 18:36:47,0.54,123.06,75.13,86,17,5.91
148,Castro,BR,2020-08-25 18:36:47,-24.79,-50.01,63.14,66,0,9.08
149,Hofn,IS,2020-08-25 18:36:47,64.25,-15.21,50.83,81,4,5.08
150,Ponta Do Sol,PT,2020-08-25 18:36:47,32.67,-17.1,75.99,69,20,20.8
151,Kodiak,US,2020-08-25 18:34:27,57.79,-152.41,57.2,58,75,3.36
152,Miramar,US,2020-08-25 18:36:47,25.99,-80.23,91.99,63,40,16.11
153,Ixtapa,MX,2020-08-25 18:36:47,20.7,-105.2,84.99,79,75,8.05
154,Chumikan,RU,2020-08-25 18:33:47,54.72,135.31,51.28,93,100,1.92
155,Codrington,AU,2020-08-25 18:33:17,-38.27,141.97,38.52,91,3,7.38
156,East London,ZA,2020-08-25 18:36:48,-33.02,27.91,64.4,88,2,9.17
157,Lagoa,PT,2020-08-25 18:33:12,39.05,-27.98,74.28,89,88,15.03
158,Lekoni,GA,2020-08-25 18:36:48,-1.58,14.26,80.55,63,80,3.33
159,Milton,US,2020-08-25 18:36:48,34.13,-84.3,75.0,97,100,4.56
160,Bandarbeyla,SO,2020-08-25 18:36:48,9.49,50.81,76.73,82,1,31.38
161,Katsuura,JP,2020-08-25 18:36:48,35.13,140.3,78.8,88,20,4.7
162,Berbera,SO,2020-08-25 18:36:48,10.44,45.01,94.33,43,84,12.68
163,Chapais,CA,2020-08-25 18:32:43,49.78,-74.85,57.2,76,75,14.99
164,San Patricio,MX,2020-08-25 18:36:48,19.22,-104.7,84.2,79,75,13.87
165,Mar Del Plata,AR,2020-08-25 18:36:49,-38.0,-57.56,64.4,77,40,9.17
166,Kirakira,SB,2020-08-25 18:36:49,-10.45,161.92,79.11,80,11,6.93
167,Havoysund,NO,2020-08-25 18:36:49,71.0,24.66,48.2,81,75,13.87
168,Okhotsk,RU,2020-08-25 18:36:49,59.38,143.3,51.6,90,100,18.54
169,Vanavara,RU,2020-08-25 18:33:18,60.34,102.28,50.38,69,2,6.49
170,Altay,CN,2020-08-25 18:36:49,47.87,88.12,56.01,71,62,11.7
171,Graham,US,2020-08-25 18:36:49,47.05,-122.29,69.01,68,1,5.53
172,Padang,ID,2020-08-25 18:36:49,-0.95,100.35,77.32,76,100,4.88
173,Yeniseysk,RU,2020-08-25 18:36:49,58.45,92.17,51.71,88,36,2.62
174,Anadyr,RU,2020-08-25 18:36:49,64.75,177.48,46.4,100,90,6.71
175,Alugan,PH,2020-08-25 18:33:32,12.22,125.48,79.0,84,100,3.8
176,Lusambo,CD,2020-08-25 18:36:49,-4.97,23.45,77.5,64,32,1.63
177,Hong Gai,VN,2020-08-25 18:36:50,20.96,107.09,84.2,83,100,3.36
178,New Haven,US,2020-08-25 18:36:50,41.31,-72.93,91.0,46,1,5.82
179,Bahia Blanca,AR,2020-08-25 18:36:50,-38.72,-62.27,58.41,85,98,10.8
180,Talnakh,RU,2020-08-25 18:36:50,69.49,88.4,57.2,82,67,8.95
181,Bull Savanna,JM,2020-08-25 18:36:50,17.89,-77.59,82.65,77,69,12.21
182,Touros,BR,2020-08-25 18:36:50,-5.2,-35.46,84.2,58,20,12.75
183,Thai Nguyen,VN,2020-08-25 18:36:50,21.59,105.84,82.4,74,100,6.93
184,Kapaa,US,2020-08-25 18:36:50,22.08,-159.32,81.0,74,20,14.99
185,Bambanglipuro,ID,2020-08-25 18:36:50,-7.95,110.28,74.98,83,8,9.98
186,Iberia,US,2020-08-25 18:36:50,29.95,-91.75,90.0,70,90,10.29
187,Salekhard,RU,2020-08-25 18:36:50,66.53,66.6,54.1,75,100,5.75
188,Gat,IL,2020-08-25 18:36:50,31.61,34.76,82.99,37,0,5.75
189,Manakara,MG,2020-08-25 18:36:50,-22.13,48.02,68.25,89,1,7.83
190,Portland,US,2020-08-25 18:35:26,45.52,-122.68,72.0,59,20,4.7
191,Aklavik,CA,2020-08-25 18:36:51,68.22,-135.01,57.2,76,75,4.7
192,Vadso,NO,2020-08-25 18:36:51,70.07,29.75,55.4,81,72,1.12
193,El Progreso,HN,2020-08-25 18:36:51,15.4,-87.8,91.4,52,75,4.7
194,Lata,PT,2020-08-25 18:36:51,40.16,-8.33,77.0,69,0,8.01
195,Sovetskaya Gavan,RU,2020-08-25 18:36:51,48.97,140.29,60.73,90,0,3.94
196,Cururupu,BR,2020-08-25 18:36:51,-1.83,-44.87,84.34,63,48,5.48
197,Gouyave,GD,2020-08-25 18:36:51,12.16,-61.73,87.8,74,40,23.04
198,Saint Anthony,US,2020-08-25 18:33:41,45.02,-93.22,86.0,62,20,9.17
199,Faanui,PF,2020-08-25 18:36:52,-16.48,-151.75,76.03,83,14,20.96
200,Yulara,AU,2020-08-25 18:36:52,-25.24,130.99,62.6,25,0,6.93
201,Cootamundra,AU,2020-08-25 18:36:52,-34.65,148.03,30.0,94,3,0.51
202,Ostrovnoy,RU,2020-08-25 18:36:52,68.05,39.51,51.28,87,4,4.34
203,Necochea,AR,2020-08-25 18:36:52,-38.55,-58.74,66.0,1,100,1.99
204,Ozernovskiy,RU,2020-08-25 18:36:52,51.5,156.52,54.18,72,85,13.69
205,Asyut,EG,2020-08-25 18:34:14,27.18,31.18,93.2,34,0,13.87
206,Wiang Sa,TH,2020-08-25 18:36:52,8.64,99.37,82.0,86,10,2.01
207,Korla,CN,2020-08-25 18:33:10,41.76,86.15,81.0,68,0,3.0
208,Kenai,US,2020-08-25 18:36:53,60.55,-151.26,55.99,87,90,4.7
209,Wangqing,CN,2020-08-25 18:36:53,43.32,129.76,63.3,87,100,1.43
210,Kabare,CD,2020-08-25 18:36:53,-2.47,28.82,64.31,68,9,1.3
211,Bela,IN,2020-08-25 18:36:53,25.93,81.98,82.89,77,100,5.39
212,Ahipara,NZ,2020-08-25 18:36:53,-35.17,173.17,51.64,72,6,11.23
213,Mimongo,GA,2020-08-25 18:36:53,-1.62,11.61,73.92,73,39,3.36
214,Upata,VE,2020-08-25 18:36:53,8.01,-62.4,89.01,66,74,3.0
215,Plessisville,CA,2020-08-25 18:35:29,46.22,-71.76,73.99,78,32,8.01
216,Santarem,BR,2020-08-25 18:34:51,-2.44,-54.71,84.2,79,75,6.93
217,Lufilufi,WS,2020-08-25 18:36:54,-13.87,-171.6,73.4,94,40,5.82
218,Grindavik,IS,2020-08-25 18:36:54,63.84,-22.43,50.0,81,75,8.05
219,Palu,ID,2020-08-25 18:36:54,-0.89,119.87,74.55,81,98,2.75
220,Bubaque,GW,2020-08-25 18:36:54,11.28,-15.83,81.5,78,100,13.38
221,Tautira,PF,2020-08-25 18:36:54,-17.73,-149.15,78.8,74,20,2.24
222,Bambous Virieux,MU,2020-08-25 18:36:54,-20.34,57.76,71.01,83,40,11.41
223,Batemans Bay,AU,2020-08-25 18:36:54,-35.72,150.18,39.99,89,0,1.99
224,Portree,GB,2020-08-25 18:36:54,57.41,-6.19,55.0,85,100,14.0
225,Rio Grande,BR,2020-08-25 18:36:54,-32.03,-52.1,69.8,60,58,23.04
226,Laela,TZ,2020-08-25 18:36:54,-8.57,32.05,65.62,51,50,2.06
227,Conde,BR,2020-08-25 18:36:55,-7.26,-34.91,82.4,65,20,14.99
228,Carutapera,BR,2020-08-25 18:33:12,-1.2,-46.02,83.5,68,32,7.05
229,Avera,US,2020-08-25 18:33:40,33.19,-82.53,86.0,84,75,3.36
230,Arraial Do Cabo,BR,2020-08-25 18:36:55,-22.97,-42.03,71.6,53,75,14.99
231,Nikolskoye,RU,2020-08-25 18:36:55,59.7,30.79,61.0,82,75,2.24
232,Cockburn Town,TC,2020-08-25 18:32:22,21.46,-71.14,84.2,70,75,16.11
233,Portales,US,2020-08-25 18:36:55,34.19,-103.33,91.99,25,1,8.05
234,Bulaevo,KZ,2020-08-25 18:36:55,54.91,70.44,56.73,92,100,9.73
235,Xichang,CN,2020-08-25 18:36:55,27.9,102.26,62.1,69,0,1.54
236,San Cristobal,VE,2020-08-25 18:33:32,7.77,-72.22,93.2,38,40,17.22
237,Omsukchan,RU,2020-08-25 18:36:55,62.53,155.8,34.39,86,0,2.57
238,Kahului,US,2020-08-25 18:33:58,20.89,-156.47,84.2,51,20,11.41
239,Timizart,DZ,2020-08-25 18:36:55,36.8,4.27,78.28,48,0,8.72
240,Juarez,MX,2020-08-25 18:31:58,31.73,-106.48,89.01,25,5,13.87
241,Macas,EC,2020-08-25 18:36:55,-2.32,-78.12,77.0,53,40,4.7
242,Flin Flon,CA,2020-08-25 18:36:55,54.77,-101.86,55.4,87,90,10.29
243,Horta,PT,2020-08-25 18:35:21,38.53,-28.63,75.2,94,75,13.87
244,Alipur Chatha,PK,2020-08-25 18:36:56,32.27,73.82,86.0,74,40,6.33
245,Nishihara,JP,2020-08-25 18:36:56,26.18,127.76,82.0,94,75,14.99
246,Nanortalik,GL,2020-08-25 18:36:56,60.14,-45.24,47.39,77,0,7.83
247,Matagami,CA,2020-08-25 18:33:24,49.75,-77.63,55.4,66,90,13.87
248,Pionerskiy,RU,2020-08-25 18:36:56,54.95,20.23,59.0,82,20,4.47
249,Ust-Koksa,RU,2020-08-25 18:36:56,50.27,85.61,48.51,84,100,2.1
250,Barrow,US,2020-08-25 18:36:56,71.29,-156.79,39.2,93,90,5.82
251,Esperance,AU,2020-08-25 18:36:56,-33.87,121.9,50.0,100,75,3.36
252,Gambela,ET,2020-08-25 18:36:56,8.25,34.58,72.03,91,100,3.0
253,Proletarskiy,RU,2020-08-25 18:36:56,50.79,35.77,73.4,38,9,4.47
254,Beringovskiy,RU,2020-08-25 18:36:57,63.05,179.32,49.01,78,98,10.96
255,Los Llanos De Aridane,ES,2020-08-25 18:33:16,28.66,-17.92,78.01,78,20,16.11
256,Deputatskiy,RU,2020-08-25 18:36:57,69.3,139.9,23.27,98,48,2.35
257,Belmonte,BR,2020-08-25 18:36:57,-15.86,-38.88,73.4,60,40,10.29
258,Vostok,RU,2020-08-25 18:36:57,46.49,135.88,59.2,100,51,3.04
259,Pevek,RU,2020-08-25 18:36:57,69.7,170.31,37.9,98,100,2.8
260,Fort-Shevchenko,KZ,2020-08-25 18:36:57,44.51,50.26,73.6,55,0,9.46
261,Srednekolymsk,RU,2020-08-25 18:36:57,67.45,153.68,38.08,82,92,2.28
262,Ornskoldsvik,SE,2020-08-25 18:36:57,63.29,18.72,55.4,54,100,11.41
263,Igarka,RU,2020-08-25 18:36:57,67.47,86.58,54.32,85,39,4.56
264,Nelson Bay,AU,2020-08-25 18:36:57,-32.72,152.15,43.0,93,45,9.17
265,Marrakesh,MA,2020-08-25 18:36:58,31.63,-8.01,98.6,23,75,12.75
266,Bereda,ES,2020-08-25 18:36:58,43.27,-7.54,75.0,72,52,5.99
267,Fortuna,US,2020-08-25 18:33:50,40.6,-124.16,66.0,93,75,5.82
268,Tarakan,ID,2020-08-25 18:36:58,3.3,117.63,80.56,79,0,6.46
269,Eyl,SO,2020-08-25 18:36:58,7.98,49.82,77.43,81,26,23.76
270,East Patchogue,US,2020-08-25 18:36:58,40.77,-73.0,90.0,40,20,18.34
271,Port Hardy,CA,2020-08-25 18:33:09,50.7,-127.42,60.8,67,75,4.7
272,Monrovia,LR,2020-08-25 18:36:58,6.3,-10.8,77.0,94,75,11.41
273,Klaksvik,FO,2020-08-25 18:36:58,62.23,-6.59,48.2,76,100,9.17
274,Naze,JP,2020-08-25 18:36:58,28.37,129.48,84.2,83,75,14.99
275,Moron,AR,2020-08-25 18:32:14,-34.65,-58.62,68.0,68,90,9.17
276,Ekhabi,RU,2020-08-25 18:36:58,53.51,142.97,57.25,98,100,9.62
277,Faya,SA,2020-08-25 18:33:50,18.39,42.45,73.4,73,40,5.82
278,Lavrentiya,RU,2020-08-25 18:33:57,65.58,-171.0,46.83,91,89,4.41
279,Ivanteyevka,RU,2020-08-25 18:36:59,55.97,37.92,66.2,63,12,4.47
280,Wanning,CN,2020-08-25 18:36:59,18.8,110.4,81.09,85,0,10.63
281,Saint-Augustin,CA,2020-08-25 18:36:59,51.23,-58.65,65.32,54,60,12.68
282,Andapa,MG,2020-08-25 18:36:59,-14.65,49.65,64.02,91,54,0.94
283,Shelburne,CA,2020-08-25 18:35:44,44.08,-80.2,75.99,56,20,11.41
284,Saint George,US,2020-08-25 18:36:59,37.1,-113.58,97.0,26,1,5.82
285,Pala,TD,2020-08-25 18:36:59,9.36,14.9,73.17,92,100,3.38
286,Warren,US,2020-08-25 18:36:59,39.43,-84.17,90.0,59,40,11.41
287,Jalu,LY,2020-08-25 18:36:59,29.03,21.55,86.68,23,0,7.45
288,Pemberton,CA,2020-08-25 18:36:07,50.32,-122.8,64.4,59,20,3.36
289,Ponta Delgada,PT,2020-08-25 18:36:59,37.73,-25.67,77.0,83,20,9.17
290,Yakuplu,TR,2020-08-25 18:37:00,40.99,28.68,77.0,69,0,11.41
291,Mahebourg,MU,2020-08-25 18:33:04,-20.41,57.7,69.8,83,40,11.41
292,Guerrero Negro,MX,2020-08-25 18:37:00,27.98,-114.06,82.56,59,0,13.24
293,Marathon,US,2020-08-25 18:37:00,44.9,-89.77,80.6,47,40,13.87
294,Miyako,JP,2020-08-25 18:37:00,39.64,141.95,71.71,85,40,3.0
295,Victoria,HK,2020-08-25 18:32:59,22.29,114.16,86.0,79,100,13.0
296,Pisco,PE,2020-08-25 18:33:18,-13.7,-76.22,66.2,72,40,11.41
297,Duartina,BR,2020-08-25 18:37:00,-22.41,-49.4,78.8,34,0,11.41
298,Sisimiut,GL,2020-08-25 18:37:00,66.94,-53.67,48.97,74,21,7.52
299,Port Shepstone,ZA,2020-08-25 18:37:00,-30.74,30.45,67.06,71,0,17.94
300,Parangan,PH,2020-08-25 18:37:01,5.08,119.94,83.03,74,0,8.03
301,Beira,MZ,2020-08-25 18:37:01,-19.84,34.84,73.0,94,20,13.87
302,Port Macquarie,AU,2020-08-25 18:37:01,-31.43,152.92,46.0,75,80,8.05
303,Tagab,AF,2020-08-25 18:37:01,34.85,69.65,75.2,64,78,3.36
304,Kashan,IR,2020-08-25 18:37:01,33.98,51.44,84.2,23,1,11.74
305,Acqui Terme,IT,2020-08-25 18:37:01,44.68,8.47,78.01,60,78,5.99
306,Guanambi,BR,2020-08-25 18:37:01,-14.22,-42.78,87.98,17,0,6.82
307,Sapa,PH,2020-08-25 18:34:03,5.15,120.32,82.2,75,49,6.67
308,Sinjar,IQ,2020-08-25 18:37:02,36.32,41.88,83.21,15,0,7.27
309,Buritis,BR,2020-08-25 18:32:06,-15.62,-46.42,88.03,17,0,6.35
310,Baykit,RU,2020-08-25 18:32:06,61.67,96.37,53.74,73,99,3.69
311,Praia,CV,2020-08-25 18:37:02,14.92,-23.51,86.0,70,20,9.17
312,Aksum,ET,2020-08-25 18:37:02,14.12,38.72,60.3,93,100,3.65
313,Voyvozh,RU,2020-08-25 18:37:02,62.89,54.96,54.59,98,99,5.53
314,Sinnamary,GF,2020-08-25 18:37:02,5.38,-52.95,83.64,72,0,7.99
315,Palmer,US,2020-08-25 18:37:02,42.16,-72.33,88.0,52,18,1.99
316,Storm Lake,US,2020-08-25 18:37:02,42.64,-95.21,91.99,46,1,13.87
317,Kloulklubed,PW,2020-08-25 18:37:02,7.04,134.26,77.0,88,75,4.7
318,Krasnohrad,UA,2020-08-25 18:37:03,49.38,35.44,68.79,36,7,6.91
319,Christchurch,NZ,2020-08-25 18:35:20,-43.53,172.63,39.2,64,5,9.17
320,Sayat,TM,2020-08-25 18:37:03,38.78,63.88,78.8,36,50,13.87
321,Luderitz,NA,2020-08-25 18:37:03,-26.65,15.16,57.33,77,0,11.77
322,Romitan,UZ,2020-08-25 18:37:03,39.93,64.38,75.2,47,16,4.7
323,Marienburg,PL,2020-08-25 18:37:03,54.04,19.03,61.0,100,5,1.66
324,Iqaluit,CA,2020-08-25 18:33:00,63.75,-68.51,51.8,62,75,14.99
325,Cabo San Lucas,MX,2020-08-25 18:32:57,22.89,-109.91,91.4,66,5,5.82
326,Manokwari,ID,2020-08-25 18:37:03,-0.87,134.08,77.99,76,8,4.76
327,Tessalit,ML,2020-08-25 18:37:03,20.2,1.01,91.27,37,79,5.75
328,Port Elizabeth,ZA,2020-08-25 18:33:00,-33.92,25.57,62.6,82,40,20.8
329,Lahat,ID,2020-08-25 18:37:04,-3.8,103.53,71.4,77,99,2.86
330,Berlevag,NO,2020-08-25 18:37:04,70.86,29.09,51.8,87,40,5.82
331,Ilulissat,GL,2020-08-25 18:37:04,69.22,-51.1,42.8,75,75,5.82
332,Kavieng,PG,2020-08-25 18:37:04,-2.57,150.8,81.01,79,2,12.44
333,Goderich,CA,2020-08-25 18:34:12,43.75,-81.72,78.01,73,0,12.5
334,Moerai,PF,2020-08-25 18:34:02,-22.43,-151.33,69.22,73,6,12.06
335,Coquimbo,CL,2020-08-25 18:37:04,-29.95,-71.34,60.8,67,75,16.11
336,Goure,NE,2020-08-25 18:37:04,13.98,10.27,86.74,48,96,9.53
337,Evensk,RU,2020-08-25 18:37:04,61.95,159.23,40.75,69,0,6.73
338,Minna,NG,2020-08-25 18:37:04,9.61,6.56,84.2,66,20,2.24
339,Maxixe,MZ,2020-08-25 18:37:04,-23.86,35.35,73.4,88,0,16.11
340,Vanimo,PG,2020-08-25 18:37:05,-2.67,141.3,77.38,86,16,6.4
341,Georgetown,MY,2020-08-25 18:32:20,5.41,100.34,78.8,94,20,4.23
342,Venustiano Carranza,MX,2020-08-25 18:37:05,19.43,-99.1,64.4,68,90,11.41
343,Quchan,IR,2020-08-25 18:37:05,37.11,58.51,58.03,47,12,10.31
344,Carballo,ES,2020-08-25 18:37:05,43.21,-8.69,73.99,83,75,3.36
345,Virginia Beach,US,2020-08-25 18:32:21,36.85,-75.98,93.99,44,20,11.41
346,Navolato,MX,2020-08-25 18:37:05,24.77,-107.69,97.0,53,2,1.99
347,Lorengau,PG,2020-08-25 18:37:06,-2.02,147.27,82.08,78,100,14.09
348,Yanam,IN,2020-08-25 18:37:06,16.73,82.22,79.57,86,100,2.98
349,Solec Kujawski,PL,2020-08-25 18:37:06,53.08,18.23,64.99,55,82,4.7
350,Villa Bruzual,VE,2020-08-25 18:37:06,9.33,-69.12,85.64,73,38,2.01
351,Stromness,GB,2020-08-25 18:37:06,58.97,-3.3,55.4,76,100,19.46
352,Fujin,CN,2020-08-25 18:37:06,47.26,132.03,62.55,92,16,4.61
353,Namibe,AO,2020-08-25 18:37:06,-15.2,12.15,63.36,88,27,9.91
354,Ugoofaaru,MV,2020-08-25 18:37:06,5.67,73.0,82.81,73,98,13.38
355,Pingliang,CN,2020-08-25 18:37:06,35.54,106.69,63.82,61,0,2.95
356,Roseburg,US,2020-08-25 18:37:06,43.22,-123.34,75.0,49,1,10.29
357,Puerto Del Rosario,ES,2020-08-25 18:37:06,28.5,-13.86,78.8,78,20,9.17
358,Hamilton,US,2020-08-25 18:35:30,39.18,-84.53,93.0,55,40,9.17
359,Espoo,FI,2020-08-25 18:37:06,60.25,24.67,61.0,63,20,8.05
360,Eureka,US,2020-08-25 18:34:29,40.8,-124.16,66.0,93,90,4.7
361,Ambovombe,MG,2020-08-25 18:37:07,-25.17,46.08,68.81,90,0,3.31
362,Tuatapere,NZ,2020-08-25 18:37:07,-46.13,167.68,45.0,72,42,11.01
363,Ostersund,SE,2020-08-25 18:37:08,63.18,14.64,48.2,76,96,14.99
364,Alice Springs,AU,2020-08-25 18:37:08,-23.7,133.88,57.2,30,0,5.82
365,Tevaitoa,PF,2020-08-25 18:37:08,-16.78,-151.5,76.44,81,25,21.27
366,Rio Grande City,US,2020-08-25 18:37:08,26.38,-98.82,82.4,94,90,6.93
367,El Cobre,CU,2020-08-25 18:37:08,20.05,-75.95,86.0,74,75,16.11
368,Kamaishi,JP,2020-08-25 18:37:09,39.27,141.88,72.86,83,1,3.76
369,Birur,IN,2020-08-25 18:37:09,13.62,75.97,71.4,89,100,7.05
370,Karasburg,NA,2020-08-25 18:37:09,-28.02,18.75,56.03,41,0,10.25
371,Baiyin,CN,2020-08-25 18:37:09,36.56,104.21,69.01,76,0,6.71
372,Plettenberg Bay,ZA,2020-08-25 18:37:09,-34.05,23.37,59.11,74,1,10.11
373,Yerbogachen,RU,2020-08-25 18:33:16,61.28,108.01,45.05,73,0,7.11
374,Pyapon,MM,2020-08-25 18:37:09,16.28,95.68,77.77,88,37,5.44
375,Isangel,VU,2020-08-25 18:37:09,-19.55,169.27,71.71,87,100,15.19
376,Nefteyugansk,RU,2020-08-25 18:37:09,61.1,72.6,53.6,100,0,4.47
377,Acajutla,SV,2020-08-25 18:37:07,13.59,-89.83,84.0,80,100,3.0
378,Termoli,IT,2020-08-25 18:37:09,41.99,14.99,72.0,77,0,8.9
379,Baruun-Urt,MN,2020-08-25 18:37:09,46.68,113.28,53.82,80,12,4.27
380,Kilis,TR,2020-08-25 18:37:10,36.72,37.12,80.6,30,0,3.36
381,Mogadishu,SO,2020-08-25 18:37:10,2.04,45.34,77.09,83,0,14.14
382,Aksu,CN,2020-08-25 18:37:10,41.12,80.26,80.65,21,15,1.77
383,Majenang,ID,2020-08-25 18:37:10,-7.3,108.76,73.04,89,65,2.77
384,Tieling,CN,2020-08-25 18:37:10,42.29,123.84,68.83,83,100,2.44
385,Nemuro,JP,2020-08-25 18:37:10,43.32,145.57,65.68,96,100,13.89
386,Airai,TL,2020-08-25 18:33:11,-8.93,125.41,55.18,39,0,4.56
387,Huarmey,PE,2020-08-25 18:37:10,-10.07,-78.15,68.07,63,24,12.59
388,Arlit,NE,2020-08-25 18:37:11,18.74,7.39,86.49,50,46,19.91
389,Southbridge,US,2020-08-25 18:32:20,42.08,-72.03,86.0,43,66,1.99
390,Half Moon Bay,US,2020-08-25 18:36:39,37.46,-122.43,72.0,88,90,3.36
391,Ulu-Telyak,RU,2020-08-25 18:37:11,54.91,56.97,57.99,96,69,3.74
392,Maniwaki,CA,2020-08-25 18:37:11,46.38,-75.97,62.2,62,91,14.23
393,Muros,ES,2020-08-25 18:37:11,42.78,-9.06,69.01,89,17,3.0
394,Mount Isa,AU,2020-08-25 18:37:12,-20.73,139.5,62.6,23,0,5.82
395,Champerico,GT,2020-08-25 18:34:00,14.3,-91.92,87.8,74,40,9.17
396,Adrar,MR,2020-08-25 18:37:12,20.5,-10.07,102.45,18,94,14.85
397,Conceicao Do Araguaia,BR,2020-08-25 18:34:11,-8.26,-49.26,90.84,36,100,5.14
398,Sergiyev Posad,RU,2020-08-25 18:37:12,56.3,38.13,66.2,63,0,4.47
399,Hami,CN,2020-08-25 18:37:12,42.8,93.45,83.93,18,0,2.64
400,Chama,CH,2020-08-25 18:37:12,47.18,8.46,75.2,47,75,4.7
401,Trincomalee,LK,2020-08-25 18:37:12,8.57,81.23,81.01,82,100,6.17
402,Bulawayo,ZW,2020-08-25 18:37:12,-20.15,28.58,66.11,27,0,1.52
403,Baoding,CN,2020-08-25 18:37:13,38.85,115.49,71.87,84,0,0.98
404,Coffs Harbour,AU,2020-08-25 18:32:33,-30.3,153.13,50.0,66,0,5.82
405,Henties Bay,NA,2020-08-25 18:37:13,-22.12,14.28,55.99,80,57,3.0
406,Grand-Santi,GF,2020-08-25 18:37:13,4.25,-54.38,89.73,51,98,2.86
407,Piterka,RU,2020-08-25 18:36:19,50.68,47.45,69.57,38,0,2.59
408,Potsdam,DE,2020-08-25 18:37:13,52.4,13.07,69.01,64,100,5.21
409,Griffith,US,2020-08-25 18:36:19,41.53,-87.42,88.0,42,1,2.55
410,Nabire,ID,2020-08-25 18:33:39,-3.37,135.48,74.73,90,13,4.18
411,Jodar,ES,2020-08-25 18:37:14,37.84,-3.35,93.0,23,0,7.58
412,Saldanha,ZA,2020-08-25 18:37:14,-33.01,17.94,57.2,87,100,4.7
413,Cortez,US,2020-08-25 18:37:14,37.35,-108.59,86.0,25,1,3.36
414,Vila Franca Do Campo,PT,2020-08-25 18:37:14,37.72,-25.43,77.0,83,20,9.17
415,Zafra,ES,2020-08-25 18:37:14,38.42,-6.42,95.0,20,0,5.01
416,Port Lincoln,AU,2020-08-25 18:37:14,-34.73,135.87,52.48,74,5,12.3
417,Gigmoto,PH,2020-08-25 18:37:14,13.78,124.39,80.87,82,93,2.66
418,Sao Filipe,CV,2020-08-25 18:33:25,14.9,-24.5,80.11,80,45,4.9
419,Chirongui,YT,2020-08-25 18:37:15,-12.93,45.15,75.2,78,0,2.24
420,Nauchnyy Gorodok,RU,2020-08-25 18:37:15,53.42,83.52,55.4,82,100,11.18
421,Kununurra,AU,2020-08-25 18:37:15,-15.77,128.73,68.0,28,0,5.82
422,Atbasar,KZ,2020-08-25 18:37:15,51.8,68.33,58.51,62,39,6.85
423,San Andres,CO,2020-08-25 18:35:23,12.58,-81.7,82.4,78,75,12.75
424,Vestmanna,FO,2020-08-25 18:37:15,62.16,-7.17,48.2,76,100,9.17
425,Awbari,LY,2020-08-25 18:37:16,26.59,12.78,85.69,15,0,9.98
426,Udachnyy,RU,2020-08-25 18:37:16,66.42,112.4,46.4,65,39,4.47
427,Khani,GE,2020-08-25 18:37:16,41.96,42.96,77.0,38,0,21.92
428,Dargaville,NZ,2020-08-25 18:37:16,-35.93,173.88,49.95,77,59,12.03
429,Monzon,ES,2020-08-25 18:37:16,41.91,0.19,95.0,26,15,1.12
430,Hattiesburg,US,2020-08-25 18:37:16,31.33,-89.29,82.4,88,90,10.49
431,Dod Ballapur,IN,2020-08-25 18:37:16,13.29,77.54,82.0,100,75,1.12
432,Cherskiy,RU,2020-08-25 18:37:16,68.75,161.3,38.53,95,100,3.11
433,Kautokeino,NO,2020-08-25 18:37:16,69.01,23.04,45.34,71,13,7.72
434,Bilibino,RU,2020-08-25 18:34:00,68.05,166.44,40.35,89,100,3.15
435,Matata,NZ,2020-08-25 18:37:17,-37.88,176.75,46.0,97,2,1.01
436,Bin Qirdan,TN,2020-08-25 18:37:17,33.14,11.22,77.79,66,0,10.92
437,Fairbanks,US,2020-08-25 18:35:32,64.84,-147.72,53.01,87,90,1.23
438,San Juan Del Sur,NI,2020-08-25 18:37:17,11.25,-85.87,84.2,83,75,9.55
439,Saint-Paul,RE,2020-08-25 18:37:17,-21.01,55.27,69.8,64,3,11.41
440,Tarko-Sale,RU,2020-08-25 18:37:17,64.92,77.78,51.4,91,0,6.93
441,Pangoa,PE,2020-08-25 18:37:18,-12.12,-73.0,82.94,51,75,4.27
442,Jacareacanga,BR,2020-08-25 18:37:18,-6.22,-57.75,95.0,47,20,4.7
443,Nouadhibou,MR,2020-08-25 18:37:18,20.93,-17.03,78.8,74,0,11.41
444,Kurumkan,RU,2020-08-25 18:37:18,54.3,110.3,50.85,79,76,1.01
445,Karratha,AU,2020-08-25 18:33:43,-20.74,116.85,74.68,35,0,6.15
446,Arman,RU,2020-08-25 18:37:18,59.7,150.17,46.58,60,100,5.61
447,Camalu,MX,2020-08-25 18:37:18,30.85,-116.07,87.01,43,0,4.0
448,Bud,US,2020-08-25 18:37:18,39.45,-86.18,91.0,66,0,8.59
449,Yei,SS,2020-08-25 18:37:18,4.09,30.68,67.35,94,77,1.79
450,Kutum,SD,2020-08-25 18:37:19,14.2,24.67,80.69,55,75,2.89
451,La Ronge,CA,2020-08-25 18:37:19,55.1,-105.28,51.8,93,90,11.41
452,Meulaboh,ID,2020-08-25 18:37:19,4.14,96.13,76.87,86,59,4.7
453,Seydi,TM,2020-08-25 18:37:19,39.48,62.91,69.8,39,0,13.76
454,Troitsko-Pechorsk,RU,2020-08-25 18:37:19,62.71,56.2,54.9,94,67,5.55
455,Kalemie,CD,2020-08-25 18:37:20,-5.95,29.19,74.44,52,0,0.74
456,Kapuskasing,CA,2020-08-25 18:37:20,49.42,-82.43,57.2,58,75,8.05
457,Arrifes,PT,2020-08-25 18:37:20,37.77,-25.7,77.0,83,20,9.17
458,Vavatenina,MG,2020-08-25 18:37:20,-17.47,49.2,64.45,94,23,1.88
459,Bredy,RU,2020-08-25 18:37:20,52.42,60.34,61.29,80,11,8.66
460,Ambon,ID,2020-08-25 18:37:20,-3.7,128.18,78.01,15,50,17.0
461,Pitkyaranta,RU,2020-08-25 18:37:20,61.57,31.48,57.69,85,100,5.32
462,Cuiluan,CN,2020-08-25 18:37:20,47.72,128.65,62.08,92,37,3.62
463,Matamoros,MX,2020-08-25 18:37:21,25.53,-103.25,84.2,37,20,6.93
464,Miraflores,MX,2020-08-25 18:33:10,19.22,-98.81,71.6,68,90,11.41
465,Ancud,CL,2020-08-25 18:37:21,-41.87,-73.82,53.6,81,75,8.05
466,Adeje,ES,2020-08-25 18:37:21,28.12,-16.73,82.4,61,20,19.46
467,Vestmannaeyjar,IS,2020-08-25 18:37:21,63.44,-20.27,53.6,71,29,11.41
468,Dera Bugti,PK,2020-08-25 18:37:21,29.03,69.15,91.2,46,100,13.11
469,Tigzirt,DZ,2020-08-25 18:37:21,36.89,4.12,80.47,58,0,14.38
470,Bodden Town,KY,2020-08-25 18:37:21,19.28,-81.25,89.6,70,20,14.99
471,Northam,GB,2020-08-25 18:37:21,51.03,-4.22,62.01,88,99,23.0
472,Narasannapeta,IN,2020-08-25 18:37:21,18.42,84.05,78.67,89,100,7.29
473,Corrente,BR,2020-08-25 18:37:21,-3.74,-43.34,92.25,40,0,2.24
474,Saquena,PE,2020-08-25 18:37:22,-4.67,-73.52,96.55,34,0,0.98
475,Ingham,US,2020-08-25 18:37:22,42.6,-84.38,82.4,34,90,8.05
476,Suez,EG,2020-08-25 18:37:22,29.97,32.53,80.78,56,0,14.61
477,Sechura,PE,2020-08-25 18:37:22,-5.56,-80.82,74.3,47,25,16.13
478,Boden,SE,2020-08-25 18:37:22,65.83,21.69,57.2,76,100,11.41
479,Sampit,ID,2020-08-25 18:37:22,-2.53,112.95,72.25,94,23,1.59
480,Isfana,KG,2020-08-25 18:37:22,39.84,69.53,71.6,56,20,13.42
481,Luanda,AO,2020-08-25 18:32:36,-8.84,13.23,75.2,78,75,6.93
482,Novyye Burasy,RU,2020-08-25 18:37:23,52.13,46.07,64.56,66,15,3.69
483,Raudeberg,NO,2020-08-25 18:37:23,61.99,5.14,50.0,91,12,3.91
484,Jamnagar,IN,2020-08-25 18:37:23,22.47,70.07,81.01,83,73,16.6
485,Caraballeda,VE,2020-08-25 18:37:23,10.61,-66.85,80.01,62,29,6.24
486,Luena,AO,2020-08-25 18:37:23,-11.78,19.92,66.45,27,0,2.39
487,Salinopolis,BR,2020-08-25 18:37:23,-0.61,-47.36,83.03,70,41,8.77
488,Kabanjahe,ID,2020-08-25 18:37:23,3.1,98.49,78.8,94,40,2.24
489,Labuhan,ID,2020-08-25 18:37:23,-6.88,112.21,77.41,78,56,8.37
490,Sosnovo-Ozerskoye,RU,2020-08-25 18:37:24,52.52,111.54,46.65,91,60,5.57
491,Chakia,IN,2020-08-25 18:37:24,26.42,85.05,84.85,75,89,4.18
492,Guane,CU,2020-08-25 18:37:24,22.2,-84.09,85.37,73,100,13.2
493,Kavaratti,IN,2020-08-25 18:37:24,10.57,72.64,81.77,73,100,9.31
494,Gobabis,NA,2020-08-25 18:37:24,-22.45,18.97,66.16,26,27,7.31
495,Port Blair,IN,2020-08-25 18:33:13,11.67,92.75,81.7,79,100,7.25
496,Suraabad,AZ,2020-08-25 18:37:24,40.82,49.47,69.8,68,0,6.93
497,Itarema,BR,2020-08-25 18:37:24,-2.92,-39.92,81.88,60,0,17.11
498,Sao Felix Do Xingu,BR,2020-08-25 18:37:24,-6.64,-51.99,95.49,31,92,1.59
499,Taoudenni,ML,2020-08-25 18:37:25,22.68,-3.98,101.91,22,51,3.67
500,Cap Malheureux,MU,2020-08-25 18:37:25,-19.98,57.61,71.01,78,49,5.01
501,Vao,NC,2020-08-25 18:37:25,-22.67,167.48,67.6,66,86,11.56
502,Kushmurun,KZ,2020-08-25 18:37:25,52.45,64.63,64.36,61,94,9.24
503,Taitung,TW,2020-08-25 18:37:25,22.76,121.14,82.87,69,100,5.1
504,San Julian,MX,2020-08-25 18:37:25,21.02,-102.17,70.88,66,73,12.21
505,Songjianghe,CN,2020-08-25 18:37:25,42.19,127.48,64.36,95,100,2.89
506,Viedma,AR,2020-08-25 18:36:23,-40.81,-63.0,48.0,95,100,5.01
507,Bathsheba,BB,2020-08-25 18:37:25,13.22,-59.52,87.8,70,40,14.99
508,Culpeper,US,2020-08-25 18:32:59,38.5,-77.97,90.0,52,1,5.82
509,Palembang,ID,2020-08-25 18:37:26,-2.92,104.75,76.17,85,99,3.96
510,Merauke,ID,2020-08-25 18:37:26,-8.47,140.33,76.69,82,87,14.65
511,Tutoia,BR,2020-08-25 18:37:26,-2.76,-42.27,82.0,68,0,9.55
512,Tabou,CI,2020-08-25 18:37:26,4.42,-7.35,76.03,80,100,7.34
513,Santa Rosa,PH,2020-08-25 18:37:26,14.31,121.11,84.0,83,99,3.36
514,Nuuk,GL,2020-08-25 18:37:26,64.18,-51.72,53.6,58,75,5.82
515,Mersing,MY,2020-08-25 18:37:26,2.43,103.84,77.0,94,100,3.36
516,Gillette,US,2020-08-25 18:37:26,44.29,-105.5,93.2,16,1,13.87
517,Olinda,BR,2020-08-25 18:37:26,-8.01,-34.86,80.6,65,20,13.87
518,Tura,IN,2020-08-25 18:37:26,25.52,90.22,74.77,94,100,5.97
519,Luba,GQ,2020-08-25 18:37:27,3.46,8.55,78.8,88,40,5.82
520,Giyon,ET,2020-08-25 18:37:27,8.53,37.98,57.85,88,80,2.06
521,Bansang,GM,2020-08-25 18:37:27,13.43,-14.65,84.2,79,40,13.87
522,Caravelas,BR,2020-08-25 18:37:27,-17.71,-39.25,72.03,63,0,13.56
523,Laguna,US,2020-08-25 18:37:27,38.42,-121.42,81.0,53,1,10.29
524,Ewo,CG,2020-08-25 18:37:27,-0.87,14.82,77.79,74,27,4.43
525,Chlorakas,CY,2020-08-25 18:37:27,34.8,32.41,80.6,78,20,9.17
526,Dubreka,GN,2020-08-25 18:37:27,9.79,-13.52,77.0,94,90,6.93
527,At-Bashi,KG,2020-08-25 18:37:28,41.17,75.81,61.7,48,96,4.27
528,Magadan,RU,2020-08-25 18:37:28,59.57,150.8,46.62,64,100,7.2
529,Hualmay,PE,2020-08-25 18:37:28,-11.1,-77.61,67.23,65,22,12.06
530,Gushikawa,JP,2020-08-25 18:37:28,26.35,127.87,82.0,94,75,14.99
531,Mildura,AU,2020-08-25 18:37:28,-34.2,142.15,37.4,86,0,2.24
532,Pedernales,DO,2020-08-25 18:37:28,18.04,-71.74,89.6,62,20,11.41
533,Benguela,AO,2020-08-25 18:37:28,-12.58,13.41,69.42,86,4,8.01
534,Matay,EG,2020-08-25 18:37:28,28.42,30.78,87.69,19,0,8.88
535,Surt,LY,2020-08-25 18:37:28,31.21,16.59,79.41,77,0,9.93
536,Kieta,PG,2020-08-25 18:37:28,-6.22,155.63,77.86,76,4,4.36
537,Madanapalle,IN,2020-08-25 18:37:28,13.55,78.5,77.07,66,100,3.65
538,Kudahuvadhoo,MV,2020-08-25 18:37:28,2.67,72.89,83.7,74,100,12.55
539,Lerik,AZ,2020-08-25 18:37:28,38.77,48.41,68.0,77,0,5.82
540,Aguada De Pasajeros,CU,2020-08-25 18:37:29,22.39,-80.85,91.4,66,0,9.17
541,El Seibo,DO,2020-08-25 18:37:29,18.76,-69.04,87.8,66,40,17.22
542,Riyadh,SA,2020-08-25 18:32:51,24.69,46.72,98.6,16,44,8.05
543,Thanh Hoa,VN,2020-08-25 18:37:29,19.8,105.77,80.11,84,100,4.74
544,Jambi,ID,2020-08-25 18:37:29,-1.6,103.62,75.97,85,100,2.89
545,Balkhash,KZ,2020-08-25 18:37:29,46.84,74.98,66.72,50,0,6.26
546,Batticaloa,LK,2020-08-25 18:37:29,7.71,81.69,80.2,83,66,9.71
547,Batagay,RU,2020-08-25 18:37:29,67.63,134.63,31.53,95,0,2.01
548,Alihe,CN,2020-08-25 18:37:29,50.57,123.72,50.97,92,7,1.95
549,Barkhan,PK,2020-08-25 18:37:29,29.9,69.53,82.13,58,72,7.81
550,Aba,NG,2020-08-25 18:37:29,5.11,7.37,82.4,78,40,4.7
551,Hambantota,LK,2020-08-25 18:37:29,6.12,81.12,80.78,82,100,11.65
552,Paragominas,BR,2020-08-25 18:37:29,-2.97,-47.48,94.03,34,89,4.03
553,Tyukhtet,RU,2020-08-25 18:37:30,56.54,89.3,52.56,94,95,3.49
554,Standerton,ZA,2020-08-25 18:37:30,-26.93,29.24,63.0,36,0,4.0
